{"cameraMode":{"drawMode":0,"name":"Shaded","section":"Shading Mode"},"sceneLighting":true,"audioPlay":false,"sceneViewState":{"showFog":true,"showMaterialUpdate":false,"showSkybox":true,"showFlares":true,"showImageEffects":true,"showParticleSystems":true},"in2DMode":false,"pivot":{"x":-11.856904983520508,"y":3.0533413887023927,"z":1.632954478263855},"rotation":{"x":0.08373644948005676,"y":0.709370493888855,"z":-0.08555549383163452,"w":0.6946317553520203},"size":4.0578837394714359,"orthographic":false}