{"cameraMode":{"drawMode":0,"name":"Shaded","section":"Shading Mode"},"sceneLighting":true,"audioPlay":false,"sceneViewState":{"showFog":true,"showMaterialUpdate":false,"showSkybox":true,"showFlares":true,"showImageEffects":true,"showParticleSystems":true},"in2DMode":false,"pivot":{"x":-10.232367515563965,"y":0.5801280736923218,"z":-1.4513859748840333},"rotation":{"x":0.14565466344356538,"y":0.5322359800338745,"z":-0.09358161687850952,"w":0.8287333846092224},"size":4.0578837394714359,"orthographic":false}