{"cameraMode":{"drawMode":0,"name":"Shaded","section":"Shading Mode"},"sceneLighting":true,"audioPlay":false,"sceneViewState":{"showFog":true,"showMaterialUpdate":false,"showSkybox":true,"showFlares":true,"showImageEffects":true,"showParticleSystems":true},"in2DMode":false,"pivot":{"x":-14.476141929626465,"y":0.8877365589141846,"z":2.192084312438965},"rotation":{"x":0.07234131544828415,"y":0.6778772473335266,"z":-0.06735017895698548,"w":0.7285336256027222},"size":4.0578837394714359,"orthographic":false}